{"cameraMode":{"drawMode":0,"name":"Shaded","section":"Shading Mode"},"sceneLighting":false,"audioPlay":false,"sceneViewState":{"showFog":true,"showMaterialUpdate":false,"showSkybox":false,"showFlares":true,"showImageEffects":true,"showParticleSystems":true},"in2DMode":false,"pivot":{"x":2.4499950408935549,"y":25.437000274658204,"z":3.2824511528015138},"rotation":{"x":0.16591931879520417,"y":-0.13593532145023347,"z":0.02314739115536213,"w":0.9765076637268066},"size":85.02344512939453,"orthographic":false}