{"cameraMode":{"drawMode":0,"name":"Shaded","section":"Shading Mode"},"sceneLighting":true,"audioPlay":false,"sceneViewState":{"showFog":true,"showMaterialUpdate":false,"showSkybox":true,"showFlares":true,"showImageEffects":true,"showParticleSystems":true},"in2DMode":false,"pivot":{"x":244.39346313476563,"y":27.15044403076172,"z":177.1458740234375},"rotation":{"x":0.19332705438137055,"y":-0.14690189063549043,"z":0.02949593961238861,"w":0.9697339534759522},"size":29.118610382080079,"orthographic":false}