{"cameraMode":{"drawMode":0,"name":"Shaded","section":"Shading Mode"},"sceneLighting":true,"audioPlay":false,"sceneViewState":{"showFog":true,"showMaterialUpdate":false,"showSkybox":true,"showFlares":true,"showImageEffects":true,"showParticleSystems":true},"in2DMode":false,"pivot":{"x":2.052361011505127,"y":1.020066499710083,"z":-2.0275983810424806},"rotation":{"x":-0.040668077766895297,"y":0.9573861360549927,"z":-0.16859257221221925,"w":-0.2309417575597763},"size":10.0,"orthographic":false}