{"cameraMode":{"drawMode":0,"name":"Shaded","section":"Shading Mode"},"sceneLighting":true,"audioPlay":false,"sceneViewState":{"showFog":true,"showMaterialUpdate":false,"showSkybox":true,"showFlares":true,"showImageEffects":true,"showParticleSystems":true},"in2DMode":false,"pivot":{"x":275.8565979003906,"y":21.716964721679689,"z":146.9424285888672},"rotation":{"x":0.1904427409172058,"y":0.7357410192489624,"z":-0.23013350367546082,"w":0.6080002784729004},"size":29.118610382080079,"orthographic":false}