{"cameraMode":{"drawMode":0,"name":"Shaded","section":"Shading Mode"},"sceneLighting":true,"audioPlay":false,"sceneViewState":{"showFog":true,"showMaterialUpdate":false,"showSkybox":true,"showFlares":true,"showImageEffects":true,"showParticleSystems":true},"in2DMode":false,"pivot":{"x":174.34994506835938,"y":12.488737106323243,"z":308.2022705078125},"rotation":{"x":-0.020503586158156396,"y":0.9344371557235718,"z":0.054427601397037509,"w":0.3514538109302521},"size":22.0,"orthographic":false}