{"cameraMode":{"drawMode":0,"name":"Shaded","section":"Shading Mode"},"sceneLighting":true,"audioPlay":false,"sceneViewState":{"showFog":true,"showMaterialUpdate":false,"showSkybox":true,"showFlares":true,"showImageEffects":true,"showParticleSystems":true},"in2DMode":false,"pivot":{"x":4.312049388885498,"y":-0.8476817607879639,"z":1.385406732559204},"rotation":{"x":0.0953947901725769,"y":0.8602364659309387,"z":-0.17482641339302064,"w":0.4693920612335205},"size":6.228277206420898,"orthographic":false}